day,temperature_c,tmin,tmax,precip_mm,wind_speed_ms,visibility_m,month,mean,std,temp_zscore
2025-01-01,8.759722222222221,4.0,12.9,125.8,17.5,15533.278481012658,1,3.9538841199022894,3.147499936893605,1.5268747255521813
2025-01-02,4.532407407407407,-1.0,8.6,67.0,9.8,18224.28834355828,1,3.9538841199022894,3.147499936893605,0.18380406643505323
2025-01-03,2.6268518518518515,-2.6,7.5,0.2,8.8,21948.931677018634,1,3.9538841199022894,3.147499936893605,-0.4216147083898402
2025-01-04,1.302314814814815,-2.0,12.7,20.400000000000002,17.5,14875.105590062112,1,3.9538841199022894,3.147499936893605,-0.8424366507547624
2025-01-05,9.063425925925927,0.0,13.0,180.1,15.4,11140.691823899371,1,3.9538841199022894,3.147499936893605,1.6233651814037684
2025-01-06,8.916203703703705,2.8,13.0,36.8,19.0,20823.68263473054,1,3.9538841199022894,3.147499936893605,1.576590844573274
2025-01-07,4.821739130434783,0.6,9.4,79.2,13.4,20893.929032258064,1,3.9538841199022894,3.147499936893605,0.27572836471253903
2025-01-08,2.3981481481481484,-1.0,7.6,100.2,19.6,12675.080745341615,1,3.9538841199022894,3.147499936893605,-0.49427672849758963
2025-01-09,2.8743961352657004,-1.3,7.9,57.3,14.9,14603.221476510067,1,3.9538841199022894,3.147499936893605,-0.3429668010420929
2025-01-10,0.9444444444444444,-5.9,7.1,0.4,10.3,11006.736196319018,1,3.9538841199022894,3.147499936893605,-0.9561365324213421
2025-01-11,0.8458333333333333,-5.0,8.2,1.8,8.8,4752.4390243902435,1,3.9538841199022894,3.147499936893605,-0.9874665127512018
2025-01-12,1.923148148148148,-2.4,7.6,2.2,7.2,4290.548780487805,1,3.9538841199022894,3.147499936893605,-0.6451901548752235
2025-01-13,0.024840764331210193,-4.1,5.8,0.6000000000000001,6.2,5500.369230769231,1,3.9538841199022894,3.147499936893605,-1.248306095106331
2025-01-14,0.5416666666666666,-5.0,7.0,0.0,3.6,5795.791666666667,1,3.9538841199022894,3.147499936893605,-1.0841040577123182
2025-01-15,5.020833333333333,3.0,7.0,0.0,2.6,716.6666666666666,1,3.9538841199022894,3.147499936893605,0.3389830769890528
2025-01-16,3.90625,0.0,8.0,0.0,4.6,5996.15625,1,3.9538841199022894,3.147499936893605,-0.015133954204079007
2025-01-17,1.7708333333333333,0.0,3.0,0.0,4.1,4222.395833333333,1,3.9538841199022894,3.147499936893605,-0.6935824719105467
2025-01-18,0.07291666666666667,-2.0,1.0,0.0,4.1,4792.625,1,3.9538841199022894,3.147499936893605,-1.233031781111299
2025-01-19,0.5104166666666666,-1.0,2.0,0.0,3.6,6399.75,1,3.9538841199022894,3.147499936893605,-1.0940325726055835
2025-01-20,0.59375,-1.0,5.0,0.0,4.1,5075.5,1,3.9538841199022894,3.147499936893605,-1.0675565328902092
2025-01-21,-0.6632478632478632,-3.0,2.0,0.0,7.2,2690.0,1,3.9538841199022894,3.147499936893605,-1.4669204370841027
2025-01-22,3.0555555555555554,0.0,5.0,0.0,4.6,3931.1111111111113,1,3.9538841199022894,3.147499936893605,-0.28541019296519216
2025-01-23,6.0886075949367084,2.0,9.0,0.0,11.3,9082.886075949367,1,3.9538841199022894,3.147499936893605,0.6782282820762385
2025-01-24,8.260416666666666,5.0,10.0,0.0,11.8,9544.104166666666,1,3.9538841199022894,3.147499936893605,1.3682391209242304
2025-01-25,6.125,3.0,10.0,0.0,5.7,8313.302083333334,1,3.9538841199022894,3.147499936893605,0.6897906032177629
2025-01-26,4.34375,1.0,9.0,0.0,10.8,9744.145833333334,1,3.9538841199022894,3.147499936893605,0.12386525430163631
2025-01-27,9.421052631578947,7.0,11.0,0.0,12.4,9877.53125,1,3.9538841199022894,3.147499936893605,1.7369876477495427
2025-01-28,8.447916666666666,7.0,10.0,0.0,12.4,9727.3125,1,3.9538841199022894,3.147499936893605,1.4278102102838226
2025-01-29,7.666666666666667,5.0,9.0,0.0,8.8,9168.15625,1,3.9538841199022894,3.147499936893605,1.1795973379521885
2025-01-30,5.135416666666667,0.0,8.0,0.0,7.2,9092.1875,1,3.9538841199022894,3.147499936893605,0.3753876315976927
2025-01-31,3.239130434782609,-1.0,8.0,0.0,5.7,9493.978260869566,1,3.9538841199022894,3.147499936893605,-0.22708616344726595
2025-02-01,2.1041666666666665,-1.0,7.0,0.0,5.7,8181.229166666667,2,4.673810473577399,3.459218513799843,-0.7428394004772076
2025-02-02,0.8541666666666666,-3.0,6.0,0.0,4.6,7172.90625,2,4.673810473577399,3.459218513799843,-1.104192693139519
2025-02-03,1.7708333333333333,-3.0,7.0,0.0,4.6,4331.760416666667,2,4.673810473577399,3.459218513799843,-0.8392002785204906
2025-02-04,3.1979166666666665,0.0,8.0,0.0,7.2,7970.28125,2,4.673810473577399,3.459218513799843,-0.4266552693976853
2025-02-05,4.46875,2.0,10.0,0.0,5.1,4255.177083333333,2,4.673810473577399,3.459218513799843,-0.05927942185766883
2025-02-06,4.565217391304348,1.0,7.0,0.0,7.2,7252.09375,2,4.673810473577399,3.459218513799843,-0.03139237427177311
2025-02-07,4.01063829787234,3.0,5.0,0.0,8.8,9979.427083333334,2,4.673810473577399,3.459218513799843,-0.19171155943444146
2025-02-08,4.75,1.0,8.0,0.0,5.7,9205.752577319588,2,4.673810473577399,3.459218513799843,0.0220250689913512
2025-02-09,5.0978260869565215,4.0,7.0,0.0,5.7,9918.559139784946,2,4.673810473577399,3.459218513799843,0.12257555042782035
2025-02-10,2.808988764044944,1.0,4.0,0.0,6.2,3098.913043478261,2,4.673810473577399,3.459218513799843,-0.5390875719741702
2025-02-11,4.261904761904762,2.0,6.0,0.0,6.2,5146.544444444445,2,4.673810473577399,3.459218513799843,-0.11907478814345605
2025-02-12,4.322916666666667,3.0,6.0,0.0,2.6,6456.0625,2,4.673810473577399,3.459218513799843,-0.10143730600160505
2025-02-13,3.0520833333333335,-1.0,6.0,0.0,5.7,7500.666666666667,2,4.673810473577399,3.459218513799843,-0.4688131535416215
2025-02-14,-0.13541666666666666,-3.0,4.0,0.0,6.2,6066.666666666667,2,4.673810473577399,3.459218513799843,-1.3902640498305152
2025-02-15,0.6979166666666666,-4.0,3.0,0.0,6.7,8814.572916666666,2,4.673810473577399,3.459218513799843,-1.1493618547223077
2025-02-16,0.7946236559139785,-1.0,4.0,0.0,8.0,8287.692307692309,2,4.673810473577399,3.459218513799843,-1.1214055435319277
2025-02-17,0.6041666666666666,-3.0,5.0,0.0,6.2,9332.65306122449,2,4.673810473577399,3.459218513799843,-1.176463351671981
2025-02-18,1.4166666666666667,-2.0,6.0,0.0,8.8,9376.520408163266,2,4.673810473577399,3.459218513799843,-0.9415837114414787
2025-02-19,3.53125,-2.0,8.0,0.0,7.2,8583.838383838383,2,4.673810473577399,3.459218513799843,-0.33029439135440225
2025-02-20,9.313253012048193,3.0,14.0,0.0,14.3,7505.590361445783,2,4.673810473577399,3.459218513799843,1.3411822699152105
2025-02-21,13.202127659574469,10.0,16.0,0.0,7.7,9813.302083333334,2,4.673810473577399,3.459218513799843,2.465388396822894
2025-02-22,9.989583333333334,7.0,12.0,0.0,6.7,7194.541666666667,2,4.673810473577399,3.459218513799843,1.536697620734206
2025-02-23,9.78125,4.0,14.0,0.0,8.2,8395.229166666666,2,4.673810473577399,3.459218513799843,1.476472071957154
2025-02-24,10.617021276595745,6.0,13.0,0.0,9.8,9824.416666666666,2,4.673810473577399,3.459218513799843,1.7180790341255185
2025-02-25,7.971134020618557,5.0,11.0,0.0,7.7,8724.113402061856,2,4.673810473577399,3.459218513799843,0.9531989765570349
2025-02-26,6.927083333333333,2.0,10.0,0.0,8.8,9586.989583333334,2,4.673810473577399,3.459218513799843,0.6513820537115432
2025-02-27,6.03125,2.0,8.0,0.0,9.3,9902.291666666666,2,4.673810473577399,3.459218513799843,0.3924121939702202
2025-02-28,4.859375,1.0,8.0,0.0,5.1,9725.96875,2,4.673810473577399,3.459218513799843,0.05364348209930343
2025-03-01,4.208333333333333,0.0,9.0,0.0,6.7,8335.52688172043,3,8.067911515153849,3.253033707524648,-1.1864550228584658
2025-03-02,4.095744680851064,-1.0,9.0,0.0,5.7,7142.380434782609,3,8.067911515153849,3.253033707524648,-1.221065378177514
2025-03-03,4.27319587628866,-2.0,11.0,0.0,3.6,5834.020618556701,3,8.067911515153849,3.253033707524648,-1.1665159294499676
2025-03-04,5.427083333333333,0.0,16.0,0.0,6.7,5244.260416666667,3,8.067911515153849,3.253033707524648,-0.8118047395918373
2025-03-05,6.5625,-1.0,16.0,0.0,5.1,7011.447916666667,3,8.067911515153849,3.253033707524648,-0.4627715697109611
2025-03-06,9.552083333333334,3.0,17.0,0.0,6.2,8513.541666666666,3,8.067911515153849,3.253033707524648,0.4562423730029055
2025-03-07,11.114583333333334,6.0,18.0,0.0,7.2,9900.0,3,8.067911515153849,3.253033707524648,0.9365632489857625
2025-03-08,11.96875,6.0,19.0,0.0,8.2,9902.0625,3,8.067911515153849,3.253033707524648,1.1991386611897241
2025-03-09,12.395833333333334,7.0,19.0,0.0,6.2,9882.28125,3,8.067911515153849,3.253033707524648,1.3304263672917052
2025-03-10,11.3125,6.0,16.0,0.0,5.1,7099.989583333333,3,8.067911515153849,3.253033707524648,0.9974038932769241
2025-03-11,6.583333333333333,1.0,9.0,0.0,8.2,8006.854166666667,3,8.067911515153849,3.253033707524648,-0.45636729136452314
2025-03-12,4.206521739130435,0.0,9.0,0.0,10.3,9900.45652173913,3,8.067911515153849,3.253033707524648,-1.1870119166277213
2025-03-13,3.4583333333333335,-1.0,8.0,0.0,8.8,9146.208333333334,3,8.067911515153849,3.253033707524648,-1.417009043330237
2025-03-14,3.3333333333333335,-2.0,8.0,0.0,6.2,9874.666666666666,3,8.067911515153849,3.253033707524648,-1.4554347134088654
2025-03-15,3.8333333333333335,0.0,8.0,0.0,8.2,9948.46875,3,8.067911515153849,3.253033707524648,-1.3017320330943511
2025-03-16,4.96875,1.0,10.0,0.0,8.8,9801.8125,3,8.067911515153849,3.253033707524648,-0.9526988632134753
2025-03-17,4.697916666666667,-1.0,9.0,0.0,7.2,9585.989583333334,3,8.067911515153849,3.253033707524648,-1.0359544817171704
2025-03-18,6.104166666666667,0.0,13.0,0.0,9.3,9900.0,3,8.067911515153849,3.253033707524648,-0.6036656933325991
2025-03-19,9.729166666666666,2.0,17.0,0.0,6.2,9900.0,3,8.067911515153849,3.253033707524648,0.5106787389476289
2025-03-20,12.083333333333334,4.0,19.0,0.0,5.1,9900.0,3,8.067911515153849,3.253033707524648,1.2343621920951338
2025-03-21,13.578947368421053,7.0,18.0,0.0,9.3,9905.15625,3,8.067911515153849,3.253033707524648,1.6941219639131107
2025-03-22,13.947916666666666,11.0,19.0,0.0,5.7,9799.541666666666,3,8.067911515153849,3.253033707524648,1.8075451041013428
2025-03-23,11.041666666666666,7.0,15.0,0.0,6.2,9431.8125,3,8.067911515153849,3.253033707524648,0.9141482747732288
2025-03-24,8.84375,3.0,14.0,0.0,5.7,5837.489583333333,3,8.067911515153849,3.253033707524648,0.2384969092240101
2025-03-25,8.208333333333334,2.0,15.0,0.0,7.2,3317.1875,3,8.067911515153849,3.253033707524648,0.04316641965764844
2025-03-26,9.820224719101123,4.0,15.0,0.0,5.1,8279.449438202248,3,8.067911515153849,3.253033707524648,0.5386704723944201
2025-03-27,8.38961038961039,1.0,17.0,0.0,3.6,6896.103896103896,3,8.067911515153849,3.253033707524648,0.09889195851626541
2025-03-28,9.450704225352112,5.0,13.0,0.0,5.7,8764.267605633802,3,8.067911515153849,3.253033707524648,0.42507789175368876
2025-03-29,8.354166666666666,2.0,14.0,0.0,5.7,9923.71875,3,8.067911515153849,3.253033707524648,0.08799636808271473
2025-03-30,10.34375,4.0,16.0,0.0,7.7,9249.5625,3,8.067911515153849,3.253033707524648,0.6996049501675529
2025-03-31,8.217391304347826,2.0,14.0,0.0,5.7,9690.978260869566,3,8.067911515153849,3.253033707524648,0.045950888503925716
2025-04-01,9.677083333333334,4.0,15.0,0.0,11.3,9903.09375,4,12.413397951993137,2.517985255525502,-1.086707959331849
2025-04-02,12.333333333333334,6.0,18.0,0.0,11.8,9890.625,4,12.413397951993137,2.517985255525502,-0.03179709590598583
2025-04-03,14.916666666666666,8.0,22.0,0.0,7.7,9900.0,4,12.413397951993137,2.517985255525502,0.9941554300925002
2025-04-04,16.875,11.0,23.0,0.0,7.7,9901.03125,4,12.413397951993137,2.517985255525502,1.7718936352849015
2025-04-05,14.03125,8.0,21.0,0.0,7.7,9900.0,4,12.413397951993137,2.517985255525502,0.6425184756172128
2025-04-06,11.052083333333334,7.0,17.0,0.0,7.7,9900.0,4,12.413397951993137,2.517985255525502,-0.540636453558461
2025-04-07,9.74742268041237,3.0,16.0,0.0,6.2,10007.185567010309,4,12.413397951993137,2.517985255525502,-1.0587731861139826
2025-04-08,10.875,4.0,17.0,0.0,6.7,9891.65625,4,12.413397951993137,2.517985255525502,-0.6109638444535188
2025-04-09,9.104166666666666,5.0,16.0,0.0,7.2,9653.927083333334,4,12.413397951993137,2.517985255525502,-1.3142377534040945
2025-04-10,9.054347826086957,4.0,15.0,0.0,5.1,9929.934782608696,4,12.413397951993137,2.517985255525502,-1.3340229528886371
2025-04-11,10.677083333333334,1.0,20.0,0.0,6.2,8304.677083333334,4,12.413397951993137,2.517985255525502,-0.6895650460421123
2025-04-12,15.96875,7.0,25.0,0.0,8.8,9532.15625,4,12.413397951993137,2.517985255525502,1.4119828701160777
2025-04-13,12.28125,10.0,16.0,0.0,8.2,8873.520833333334,4,12.413397951993137,2.517985255525502,-0.052481622639826524
2025-04-14,12.53298969072165,5.0,18.0,0.0,6.4,9788.298969072164,4,12.413397951993137,2.517985255525502,0.04749501152402661
2025-04-15,14.010416666666666,9.0,20.0,0.0,8.8,9463.989583333334,4,12.413397951993137,2.517985255525502,0.6342446649236764
2025-04-16,10.520833333333334,8.0,15.0,0.0,7.7,9946.40625,4,12.413397951993137,2.517985255525502,-0.7516186262436336
2025-04-17,11.229166666666666,6.0,17.0,0.0,5.1,9903.09375,4,12.413397951993137,2.517985255525502,-0.47030906266340394
2025-04-18,12.114583333333334,5.0,19.0,0.0,7.2,9413.489583333334,4,12.413397951993137,2.517985255525502,-0.11867210818811574
2025-04-19,13.104166666666666,7.0,19.0,0.0,9.3,9902.0625,4,12.413397951993137,2.517985255525502,0.2743338997548524
2025-04-20,10.631578947368421,8.0,14.0,0.0,8.2,7764.28125,4,12.413397951993137,2.517985255525502,-0.7076367904516783
2025-04-21,10.979166666666666,6.0,17.0,0.0,6.7,7560.479166666667,4,12.413397951993137,2.517985255525502,-0.5695947909858381
2025-04-22,11.75,7.0,18.0,0.0,5.7,9313.21875,4,12.413397951993137,2.517985255525502,-0.26346379532499914
2025-04-23,9.284210526315789,6.0,13.0,0.0,7.7,9502.479166666666,4,12.413397951993137,2.517985255525502,-1.2427346104631134
2025-04-24,10.479166666666666,6.0,14.0,0.0,7.2,7810.145833333333,4,12.413397951993137,2.517985255525502,-0.7681662476307065
2025-04-25,12.0,6.0,18.0,0.0,5.7,8349.65625,4,12.413397951993137,2.517985255525502,-0.164178067002565
2025-04-26,12.625,6.0,19.0,0.0,7.2,7893.677083333333,4,12.413397951993137,2.517985255525502,0.08403625380352048
2025-04-27,13.65625,6.0,22.0,0.0,7.7,8490.572916666666,4,12.413397951993137,2.517985255525502,0.49358988313356145
2025-04-28,14.922222222222222,4.0,23.0,0.0,6.2,8681.111111111111,4,12.413397951993137,2.517985255525502,0.9963617796107769
2025-04-29,17.3125,9.0,24.0,0.0,6.2,9598.958333333334,4,12.413397951993137,2.517985255525502,1.9456436598491613
2025-04-30,18.65625,10.0,27.0,0.0,6.2,9705.197916666666,4,12.413397951993137,2.517985255525502,2.479304449582245
2025-05-01,20.208333333333332,10.0,28.0,0.0,4.6,8959.375,5,14.322978913125253,2.6969855062998898,2.1821972741271605
2025-05-02,17.087912087912088,11.0,27.0,0.0,6.2,8608.736263736264,5,14.322978913125253,2.6969855062998898,1.0251939316426528
2025-05-03,13.741935483870968,8.0,19.0,0.0,8.2,8102.84375,5,14.322978913125253,2.6969855062998898,-0.21544180637864946
2025-05-04,9.989583333333334,6.0,14.0,0.0,8.2,9915.90625,5,14.322978913125253,2.6969855062998898,-1.6067552345644935
2025-05-05,9.645833333333334,4.0,14.0,0.0,7.7,9719.364583333334,5,14.322978913125253,2.6969855062998898,-1.7342123525938764
2025-05-06,10.75268817204301,6.0,16.0,0.0,8.2,9935.989247311827,5,14.322978913125253,2.6969855062998898,-1.3238079080300575
2025-05-07,10.947916666666666,9.0,14.0,0.0,7.7,9981.46875,5,14.322978913125253,2.6969855062998898,-1.2514202388462146
2025-05-08,12.510416666666666,7.0,19.0,0.0,8.8,9838.385416666666,5,14.322978913125253,2.6969855062998898,-0.6720697023490195
2025-05-09,14.666666666666666,8.0,20.0,0.0,7.2,9902.0625,5,14.322978913125253,2.6969855062998898,0.12743403801710945
2025-05-10,16.125,6.0,23.0,0.0,8.2,9856.197916666666,5,14.322978913125253,2.6969855062998898,0.6681612054144916
2025-05-11,17.70212765957447,2.0,25.0,0.0,7.2,9733.197916666666,5,14.322978913125253,2.6969855062998898,1.2529354490618734
2025-05-12,16.612903225806452,11.0,22.0,0.0,4.6,9350.691489361701,5,14.322978913125253,2.6969855062998898,0.8490680826174868
2025-05-13,17.178947368421053,11.0,24.0,0.0,6.2,9609.104166666666,5,14.322978913125253,2.6969855062998898,1.0589483883485995
2025-05-14,15.875,8.0,24.0,0.0,8.8,9532.239583333334,5,14.322978913125253,2.6969855062998898,0.5754651195749404
2025-05-15,11.625,7.0,16.0,0.0,7.7,9972.1875,5,14.322978913125253,2.6969855062998898,-1.0003683396974297
2025-05-16,12.616842105263157,5.0,18.0,0.0,7.2,9937.161290322581,5,14.322978913125253,2.6969855062998898,-0.6326088159824109
2025-05-17,13.489583333333334,7.0,19.0,0.0,7.2,9958.583333333334,5,14.322978913125253,2.6969855062998898,-0.30901003281077694
2025-05-18,11.666666666666666,6.0,14.0,0.0,6.2,9642.989583333334,5,14.322978913125253,2.6969855062998898,-0.9849189920575048
2025-05-19,15.0625,8.0,22.0,0.0,8.2,8635.270833333334,5,14.322978913125253,2.6969855062998898,0.27420284059639904
2025-05-20,16.822916666666668,10.0,23.0,0.0,6.7,9902.0625,5,14.322978913125253,2.6969855062998898,0.9269377783832391
2025-05-21,12.427083333333334,6.0,20.0,0.0,6.7,9348.604166666666,5,14.322978913125253,2.6969855062998898,-0.7029683976288695
2025-05-22,11.385416666666666,6.0,16.0,0.0,7.7,9927.46875,5,14.322978913125253,2.6969855062998898,-1.089202088627
2025-05-23,10.90625,2.0,17.0,0.0,6.2,9912.28125,5,14.322978913125253,2.6969855062998898,-1.2668695864861395
2025-05-24,13.574468085106384,3.0,16.0,0.0,8.8,9102.427083333334,5,14.322978913125253,2.6969855062998898,-0.2775360958634825
2025-05-25,15.43157894736842,12.0,20.0,0.0,10.3,9534.864583333334,5,14.322978913125253,2.6969855062998898,0.41105153574373615
2025-05-26,14.670212765957446,10.0,19.0,0.0,8.8,9854.677083333334,5,14.322978913125253,2.6969855062998898,0.12874887611412433
2025-05-27,14.844155844155845,13.0,17.0,0.0,10.8,8773.130952380952,5,14.322978913125253,2.6969855062998898,0.19324424614562236
2025-05-28,15.663157894736843,13.0,21.0,0.0,9.8,9113.010416666666,5,14.322978913125253,2.6969855062998898,0.496917383679321
2025-05-29,15.322916666666666,12.0,20.0,0.0,7.7,9661.864583333334,5,14.322978913125253,2.6969855062998898,0.37076126334593135
2025-05-30,17.5,11.0,27.0,0.0,5.7,9046.40625,5,14.322978913125253,2.6969855062998898,1.177989677532023
2025-05-31,17.958333333333332,11.0,28.0,0.0,6.2,9895.291666666666,5,14.322978913125253,2.6969855062998898,1.3479325015711998
2025-06-01,15.541666666666666,12.0,20.0,0.0,7.2,9804.635416666666,6,18.559991687950166,3.177591430093606,-0.9498782608419188
2025-06-02,15.282608695652174,9.0,21.0,0.0,5.7,9935.510869565218,6,18.559991687950166,3.177591430093606,-1.0314047807591948
2025-06-03,16.105154639175257,8.0,23.0,0.0,10.3,9973.886597938144,6,18.559991687950166,3.177591430093606,-0.7725464719995779
2025-06-04,15.302083333333334,12.0,20.0,0.0,7.2,9912.90625,6,18.559991687950166,3.177591430093606,-1.0252760388773015
2025-06-05,15.260416666666666,13.0,19.0,0.0,9.8,9413.8125,6,18.559991687950166,3.177591430093606,-1.0383886959269337
2025-06-06,15.178947368421053,13.0,19.0,0.0,9.3,9953.4375,6,18.559991687950166,3.177591430093606,-1.0640273911581875
2025-06-07,14.287234042553191,12.0,18.0,0.0,8.8,9508.510416666666,6,18.559991687950166,3.177591430093606,-1.3446529358467925
2025-06-08,13.725,10.0,18.0,0.0,9.3,9924.4125,6,18.559991687950166,3.177591430093606,-1.5215901082058674
2025-06-09,14.6875,8.0,20.0,0.0,6.2,9957.75,6,18.559991687950166,3.177591430093606,-1.2186877303593715
2025-06-10,15.361702127659575,11.0,20.0,0.0,8.2,9980.04255319149,6,18.559991687950166,3.177591430093606,-1.0065137795882009
2025-06-11,19.011904761904763,11.0,24.0,0.0,6.7,9585.357142857143,6,18.559991687950166,3.177591430093606,0.1422187477202769
2025-06-12,22.857142857142858,14.0,31.0,0.0,6.7,9627.333333333334,6,18.559991687950166,3.177591430093606,1.3523296697291587
2025-06-13,23.387096774193548,15.0,31.0,0.0,11.8,9451.916666666666,6,18.559991687950166,3.177591430093606,1.5191081649226326
2025-06-14,18.936842105263157,13.0,24.0,0.0,8.2,9167.21875,6,18.559991687950166,3.177591430093606,0.11859624674966132
2025-06-15,17.083333333333332,14.0,23.0,0.0,6.7,9950.34375,6,18.559991687950166,3.177591430093606,-0.46470995000554066
2025-06-16,18.16304347826087,12.0,26.0,0.0,4.1,9349.847826086956,6,18.559991687950166,3.177591430093606,-0.1249210977629059
2025-06-17,18.791666666666668,11.0,27.0,0.0,5.1,9903.09375,6,18.559991687950166,3.177591430093606,0.07290898902936581
2025-06-18,18.9375,11.0,28.0,0.0,5.1,9473.916666666666,6,18.559991687950166,3.177591430093606,0.11880328870307691
2025-06-19,21.90625,13.0,28.0,0.0,5.7,9672.895833333334,6,18.559991687950166,3.177591430093606,1.053080103489346
2025-06-20,22.75,16.0,28.0,0.0,6.2,9901.03125,6,18.559991687950166,3.177591430093606,1.318611408744391
2025-06-21,24.57608695652174,15.0,33.0,0.0,5.7,9568.478260869566,6,18.559991687950166,3.177591430093606,1.8932878568326037
2025-06-22,20.242105263157896,17.0,26.0,0.0,8.2,9259.208333333334,6,18.559991687950166,3.177591430093606,0.5293674823254976
2025-06-23,18.134831460674157,16.0,22.0,0.0,10.3,9756.755555555555,6,18.559991687950166,3.177591430093606,-0.13379952603393228
2025-06-24,17.829787234042552,12.0,24.0,0.0,7.7,9899.297872340425,6,18.559991687950166,3.177591430093606,-0.22979809392490202
2025-06-25,20.456521739130434,8.0,31.0,0.0,8.2,8382.03125,6,18.559991687950166,3.177591430093606,0.5968451554907419
2025-06-26,18.659574468085108,17.0,22.0,0.0,8.8,9887.854166666666,6,18.559991687950166,3.177591430093606,0.031339076255001055
2025-06-27,18.697916666666668,14.0,25.0,0.0,8.2,9863.864583333334,6,18.559991687950166,3.177591430093606,0.04340551066769416
2025-06-28,19.677083333333332,17.0,25.0,0.0,6.2,9892.895833333334,6,18.559991687950166,3.177591430093606,0.3515529513340418
2025-06-29,20.75,16.0,29.0,0.0,5.7,8875.625,6,18.559991687950166,3.177591430093606,0.6892038703620622
2025-06-30,25.21875,17.0,33.0,0.0,6.7,9898.875,6,18.559991687950166,3.177591430093606,2.095536338935078
2025-07-01,25.90625,18.0,37.0,0.0,6.2,9605.177083333334,7,19.247050647257907,1.924904347115052,3.459496240798957
2025-07-02,20.54945054945055,14.0,30.0,0.0,8.8,9048.58510638298,7,19.247050647257907,1.924904347115052,0.67660499813646
2025-07-03,17.4,10.0,24.0,0.0,6.7,9783.266666666666,7,19.247050647257907,1.924904347115052,-0.9595545098259941
2025-07-04,17.957894736842107,10.0,26.0,0.0,5.7,9901.03125,7,19.247050647257907,1.924904347115052,-0.6697246605255588
2025-07-05,18.28125,14.0,24.0,0.0,9.8,9881.760416666666,7,19.247050647257907,1.924904347115052,-0.5017395532954144
2025-07-06,17.66304347826087,15.0,23.0,0.0,7.7,8745.104166666666,7,19.247050647257907,1.924904347115052,-0.8229017568436922
2025-07-07,16.610526315789475,13.0,20.0,0.0,8.8,9793.072916666666,7,19.247050647257907,1.924904347115052,-1.3696910890247198
2025-07-08,16.305263157894736,12.0,21.0,0.0,8.2,9873.479166666666,7,19.247050647257907,1.924904347115052,-1.5282772329815622
2025-07-09,18.385416666666668,11.0,26.0,0.0,5.7,9906.09375,7,19.247050647257907,1.924904347115052,-0.44762431020669285
2025-07-10,19.895833333333332,12.0,28.0,0.0,5.7,9901.03125,7,19.247050647257907,1.924904347115052,0.3370467145797592
2025-07-11,21.364583333333332,13.0,27.0,0.0,5.7,9809.302083333334,7,19.247050647257907,1.924904347115052,1.1000716421307242
2025-07-12,20.677083333333332,15.0,26.0,0.0,7.2,9853.9375,7,19.247050647257907,1.924904347115052,0.7429110377451661
2025-07-13,19.979166666666668,12.0,28.0,0.0,7.2,9344.677083333334,7,19.247050647257907,1.924904347115052,0.3803389090507372
2025-07-14,19.976190476190474,17.0,26.0,0.0,8.8,9721.53488372093,7,19.247050647257907,1.924904347115052,0.37879275924820077
2025-07-15,18.520833333333332,15.0,23.0,0.0,9.3,9985.427083333334,7,19.247050647257907,1.924904347115052,-0.3772744941913569
2025-07-16,18.979166666666668,15.0,25.0,0.0,7.7,9639.010416666666,7,19.247050647257907,1.924904347115052,-0.13916742460098364
2025-07-17,19.46875,13.0,26.0,0.0,5.1,8908.25,7,19.247050647257907,1.924904347115052,0.11517421791600406
2025-07-18,23.26595744680851,15.0,31.0,0.0,7.2,9075.322916666666,7,19.247050647257907,1.924904347115052,2.087847536722505
2025-07-19,21.885416666666668,17.0,30.0,0.0,9.3,9937.125,7,19.247050647257907,1.924904347115052,1.37064785757433
2025-07-20,18.597826086956523,15.0,23.0,0.0,7.2,9721.260416666666,7,19.247050647257907,1.924904347115052,-0.33727627103882263
2025-07-21,17.47872340425532,15.0,21.0,0.0,7.7,9780.510416666666,7,19.247050647257907,1.924904347115052,-0.9186572027087301
2025-07-22,18.13684210526316,13.0,23.0,0.0,9.8,9839.895833333334,7,19.247050647257907,1.924904347115052,-0.576760369240514
2025-07-23,18.119565217391305,13.0,23.0,0.0,6.2,9945.08510638298,7,19.247050647257907,1.924904347115052,-0.5857358219157333
2025-07-24,18.75,15.0,25.0,0.0,7.7,9051.583333333334,7,19.247050647257907,1.924904347115052,-0.2582209593961703
2025-07-25,19.958333333333332,16.0,25.0,0.0,6.7,9623.427083333334,7,19.247050647257907,1.924904347115052,0.3695158604329917
2025-07-26,19.010416666666668,14.0,27.0,0.0,7.7,9508.760416666666,7,19.247050647257907,1.924904347115052,-0.12293285167436736
2025-07-27,18.47872340425532,16.0,22.0,0.0,7.2,9946.114583333334,7,19.247050647257907,1.924904347115052,-0.39915086905700925
2025-07-28,18.555555555555557,14.0,24.0,0.0,6.7,9930.130434782608,7,19.247050647257907,1.924904347115052,-0.3592360798284485
2025-07-29,18.896341463414632,16.0,23.0,0.0,6.7,9966.0,7,19.247050647257907,1.924904347115052,-0.1821956422764071
2025-07-30,18.6875,14.0,23.0,0.0,6.2,9557.90625,7,19.247050647257907,1.924904347115052,-0.2906901052494028
2025-07-31,18.916666666666668,16.0,24.0,0.0,8.2,9826.3125,7,19.247050647257907,1.924904347115052,-0.17163657045421618
2025-08-01,18.16842105263158,14.0,23.0,0.0,7.7,9888.8125,8,19.39279636697899,2.064646489799606,-0.5930193475718191
2025-08-02,16.623655913978496,12.0,21.0,0.0,8.8,9815.083333333334,8,19.39279636697899,2.064646489799606,-1.3412177177456004
2025-08-03,18.020833333333332,11.0,24.0,0.0,8.8,9834.822916666666,8,19.39279636697899,2.064646489799606,-0.6645026354021596
2025-08-04,20.291666666666668,18.0,25.0,0.0,9.3,9868.875,8,19.39279636697899,2.064646489799606,0.43536281108100194
2025-08-05,18.27777777777778,14.0,23.0,0.0,7.7,9616.355555555556,8,19.39279636697899,2.064646489799606,-0.5400530283077337
2025-08-06,17.609375,10.0,24.0,0.0,5.1,9980.364583333334,8,19.39279636697899,2.064646489799606,-0.863790181897961
2025-08-07,19.321052631578947,11.0,26.0,0.0,6.7,9854.202127659575,8,19.39279636697899,2.064646489799606,-0.034748677681380895
2025-08-08,18.90625,13.0,23.0,0.0,5.7,9781.78125,8,19.39279636697899,2.064646489799606,-0.23565601636055977
2025-08-09,17.947916666666668,12.0,26.0,0.0,6.7,9872.614583333334,8,19.39279636697899,2.064646489799606,-0.6998194157938196
2025-08-10,19.645833333333332,11.0,29.0,0.0,6.7,9746.833333333334,8,19.39279636697899,2.064646489799606,0.12255704189771664
2025-08-11,23.083333333333332,14.0,31.0,0.0,5.7,9901.03125,8,19.39279636697899,2.064646489799606,1.7874909746474548
2025-08-12,23.710416666666664,17.0,35.0,0.0,7.2,9725.239583333334,8,19.39279636697899,2.064646489799606,2.0912152860157396
2025-08-13,23.1340206185567,17.0,34.0,0.0,5.7,9127.9375,8,19.39279636697899,2.064646489799606,1.8120410782481384
2025-08-14,21.791666666666668,15.0,30.0,0.0,5.1,9462.1875,8,19.39279636697899,2.064646489799606,1.1618794362808877
2025-08-15,21.072916666666668,13.0,30.0,0.0,8.2,9007.729166666666,8,19.39279636697899,2.064646489799606,0.8137568867059424
2025-08-16,18.989583333333332,14.0,22.0,0.0,7.2,9684.625,8,19.39279636697899,2.064646489799606,-0.19529398162723335
2025-08-17,18.635416666666668,13.0,25.0,0.0,7.2,9912.375,8,19.39279636697899,2.064646489799606,-0.3668326292438719
2025-08-18,20.322916666666668,17.0,25.0,0.0,6.2,9971.15625,8,19.39279636697899,2.064646489799606,0.4504985741059995
2025-08-19,21.56382978723404,15.0,29.0,0.0,8.8,9881.893617021276,8,19.39279636697899,2.064646489799606,1.0515279157865778
2025-08-20,18.645833333333332,15.0,23.0,0.0,8.2,9978.375,8,19.39279636697899,2.064646489799606,-0.36178737490220714
2025-08-21,18.268817204301076,15.0,24.0,0.0,8.8,9617.322916666666,8,19.39279636697899,2.064646489799606,-0.5443930320425001
2025-08-22,16.40625,11.0,22.0,0.0,6.7,9929.90625,8,19.39279636697899,2.064646489799606,-1.4465170583603693
2025-08-23,17.126315789473683,11.0,23.0,0.0,5.7,9938.15625,8,19.39279636697899,2.064646489799606,-1.0977572135001616
2025-08-24,17.863013698630137,9.0,23.0,0.0,6.2,9901.337837837838,8,19.39279636697899,2.064646489799606,-0.7409416943320555
